"visitorId","name","email","createdAt"
"3cfc3128-106c-40f2-8739-0f4fe06f529b","Douglas Myrie","douglas@example.com","2025-12-20T06:16:28.680Z"
"c597a91c-96ca-458d-be9b-f73db7cfe560","Douglas Myrie","douglas@example.com","2025-12-19T22:28:51.895Z"
"3d36243e-8cb6-4c60-8f85-276e86fb41c5","CORS Test","cors-test-1766271004276@example.com","2025-12-20T22:50:04.962Z"
"717b297d-0617-4526-ba5a-85c88100c437","Douglas Myrie","douglas+20251220181204@example.com","2025-12-20T23:12:54.014Z"
"5352d987-6c13-4140-ac8b-ec3523fce2c4","Douglas Myrie","douglas+20251220191036@example.com","2025-12-21T00:11:05.459Z"
"62512ae3-0242-4c7d-ac38-21b019408202","Douglas Myrie","douglas+20251220191449@example.com","2025-12-21T00:15:11.105Z"
"f93812aa-01ae-406b-8d0c-9ae9ea6b3e09","Douglas Myrie","douglas@example.com","2025-12-20T06:31:39.632Z"
"32828f4a-f1b5-4c6b-8bbc-b71363acdd7e","Douglas Test app","dougmyri@yahoo.com","2025-12-21T01:31:23.524Z"
"d089fddf-3003-4935-925b-1df8b770fce4","Douglas Test app","dougmyrie14@gmail.com","2025-12-21T01:30:23.542Z"
"b9ebd2e9-8e0f-4a18-82f4-2f95b7640769","Douglas Test app","dougmyrie@yahoo.com","2025-12-21T00:35:46.105Z"
"7a9b6a0d-ff1c-4044-a300-f0e98fbd4ba5","Douglas Test app","dougmyriie@yahoo.com","2025-12-21T01:35:48.514Z"
"eae93fb1-1fe2-447d-a92f-547f9e9839dc","Douglas Myrie","douglas@example.com","2025-12-20T06:31:22.644Z"
"ff001309-48a6-43f7-b5f3-1cd1782d25e4","Email Check 2","notify-2-20251220211910@example.com","2025-12-21T02:19:10.438Z"
"419db483-a641-422c-8a72-774edf7871e0","Email Notify Test","notify-20251220214732@example.com","2025-12-21T02:47:32.643Z"
"399d2c0f-b700-4f20-b031-189633453090","Notify Live Test","notify-live-20251220211458@example.com","2025-12-21T02:14:58.168Z"
"c8f23d36-9a07-4cf0-8205-8df3c96c318b","Email Notify Test","notify-test-20251220205802@example.com","2025-12-21T01:58:34.563Z"
"5d91e9b0-3cab-4cd4-9f4d-586601f15a2b","Email Notify Test","notify-test-20251220211119@example.com","2025-12-21T02:11:57.216Z"
"e90b4a91-ff36-486d-9e10-fede205caf81","SendGrid Debug","sg-debug-20251220212944@example.com","2025-12-21T02:29:44.596Z"
"855a6e93-61e2-4c0c-ab7a-d8e80cb1e97d","SendGrid Debug","sg-debug-20251220213211@example.com","2025-12-21T02:32:11.487Z"
"3272a5cc-68d7-4bd7-b88b-5f77259b277e","Visitor Email Test","visitor-test-20251220215438@example.com","2025-12-21T02:54:38.745Z"
